{
  "hash": "28a25e64",
  "configHash": "29f70d68",
  "lockfileHash": "facdf5f2",
  "browserHash": "88780854",
  "optimized": {
    "@angular/common": {
      "src": "../../../../../../node_modules/@angular/common/fesm2022/common.mjs",
      "file": "@angular_common.js",
      "fileHash": "a6a739e3",
      "needsInterop": false
    },
    "@angular/common/http": {
      "src": "../../../../../../node_modules/@angular/common/fesm2022/http.mjs",
      "file": "@angular_common_http.js",
      "fileHash": "d9f4bd07",
      "needsInterop": false
    },
    "@angular/core": {
      "src": "../../../../../../node_modules/@angular/core/fesm2022/core.mjs",
      "file": "@angular_core.js",
      "fileHash": "cc4f0612",
      "needsInterop": false
    },
    "@angular/forms": {
      "src": "../../../../../../node_modules/@angular/forms/fesm2022/forms.mjs",
      "file": "@angular_forms.js",
      "fileHash": "f37ba7f4",
      "needsInterop": false
    },
    "@angular/platform-browser": {
      "src": "../../../../../../node_modules/@angular/platform-browser/fesm2022/platform-browser.mjs",
      "file": "@angular_platform-browser.js",
      "fileHash": "dc96fae0",
      "needsInterop": false
    },
    "@angular/router": {
      "src": "../../../../../../node_modules/@angular/router/fesm2022/router.mjs",
      "file": "@angular_router.js",
      "fileHash": "be851b92",
      "needsInterop": false
    },
    "@auth0/angular-jwt": {
      "src": "../../../../../../node_modules/@auth0/angular-jwt/fesm2020/auth0-angular-jwt.mjs",
      "file": "@auth0_angular-jwt.js",
      "fileHash": "e79d7287",
      "needsInterop": false
    },
    "bootstrap": {
      "src": "../../../../../../node_modules/bootstrap/dist/js/bootstrap.esm.js",
      "file": "bootstrap.js",
      "fileHash": "6bc1f647",
      "needsInterop": false
    },
    "rxjs": {
      "src": "../../../../../../node_modules/rxjs/dist/esm5/index.js",
      "file": "rxjs.js",
      "fileHash": "855325ba",
      "needsInterop": false
    }
  },
  "chunks": {
    "chunk-6YYENBMF": {
      "file": "chunk-6YYENBMF.js"
    },
    "chunk-HLQA2TST": {
      "file": "chunk-HLQA2TST.js"
    },
    "chunk-TMOPMB4S": {
      "file": "chunk-TMOPMB4S.js"
    },
    "chunk-HNMXEQ2M": {
      "file": "chunk-HNMXEQ2M.js"
    },
    "chunk-ZSY7TSMJ": {
      "file": "chunk-ZSY7TSMJ.js"
    },
    "chunk-XWLXMCJQ": {
      "file": "chunk-XWLXMCJQ.js"
    }
  }
}